﻿school_name,Percent_economically_disadvantaged,percent_teachers_need improvement,suspension_rates_per_1000,ppf,percentage_funds_used_on_employee_benefits_and_salaries,Percentage_used_on_supplies_and_instructiona_equipment,,,,,,,
Bridges School,0.875,0.25,2166.67,50386,0.873,0.025,,,,,,,
Howard Learning Academy,0.785,0.125,4855.26,28797,0.931,0.036,,,,,,,
Lake Forest Academy,0.9,0,804.88,44022,0.956,0.013,,,,,,,
SCALE Greensboro,0.635,0,95.09,57739,0.919,0.04,,,,,,,
Central Davie Academy,0.783,0,2400,49379,0.863,0.057,,,,,,,
Main Street Academy,0.774,0.059,0,36282,0.938,0.029,,,,,,,
Connections Academy,0.786,0.091,1268.29,38998,0.944,0.019,,,,,,,
Rutherford Opportunity Center,0.613,0.308,703.3,26764,0.88,0.04,,,,,,,
Shaw Academy ,0.91,0.2,2704.55,39039,0.93,0.033,,,,,,,
H.L. Trigg Community School,0.59,0,3117.65,30282,0.888,0.053,,,,,,,
Kingswood School,0.762,0,3291.14,38638,0.938,0.013,,,,,,,
Ramsey Street High,0.704,0.294,2081.63,25524,0.934,0.028,,,,,,,
J.C. Roe Center,0.883,0.077,684.21,34575,0.935,0.023,,,,,,,
Henderson High School,0.628,0.3,4270.27,25678,0.849,0.047,,,,,,,
Pruette SCALE Academy,0.7,0,444.44,47033,0.909,0.022,,,,,,,
J W Turlington School,0.843,0.25,2690.14,19154,0.851,0.057,,,,,,,
Alger B. Wilkins High School,0.697,0.222,588.71,13759,0.835,0.097,,,,,,,
Union Academy,0.546,0.4,244.9,11468,0.871,0.047,,,,,,,
Montgomery Learning Academy,0.705,0.125,1235.29,21924,0.912,0.034,,,,,,,
Stewart Creek High,0.411,NA,0,NA,NA,NA,,,,,,,
Commonwealth High,0.502,NA,0,NA,NA,NA,,,,,,,
Community High School,0.831,0.25,1741.94,22239,0.891,0.051,,,,,,,
Bridges School,0.875,0.25,2166.67,50116,0.873,0.027,,,,,,,
The Oaks Academy,0.493,0.5,344.26,16426,0.859,0.049,,,,,,,
Turning Point Academy (Cleveland),0.712,0.563,4058.82,21287,0.896,0.058,,,,,,,
Turning Point Academy (Charlotte-Mecklenburg),0.672,0.353,3564.22,30170,0.849,0.045,,,,,,,
Wayne Middle / High Academy,0.89,0.1,1711.71,17212,0.891,0.041,,,,,,,
Bragg Street Academy,0.92,0.444,4904.76,20791,0.91,0.035,,,,,,,
Warren Williams Elementary Alternative,0.913,0.091,0,45760,0.933,0.028,,,,,,,
Blue Ridge Academy,0.684,0,625,12417,0.848,0.031,,,,,,,
The Community Learning Center at Pinckney,0.7,0.286,985.71,20280,0.851,0.049,,,,,,,
Hallyburton Academy,0.805,0.467,1841.58,18048,0.899,0.041,,,,,,,
Career Readiness Academy at Mosley PLC,0.703,0,27.03,21178,0.853,0.059,,,,,,,
Davidson River School,0.875,0.5,358.03,16824,0.845,0.029,,,,,,,
South Providence,0.719,0.053,3142.86,32228,0.921,0.031,,,,,,,
River Oaks Middle,0.841,0.056,770.27,33563,0.936,0.028,,,,,,,
B.C. Ed Tech Center,0.795,0.333,1716.42,19157,0.872,0.036,,,,,,,
Performance Learning Center (Cabarrus County),0.396,0,192.31,10998,0.86,0.076,,,,,,,
Tar River Academy,0.699,0.091,2077.92,21979,0.895,0.033,,,,,,,
Cabarrus Co Opportunity School,0.55,0.308,450.45,29595,0.913,0.043,,,,,,,
Performance Learning Center (Charlotte-Mecklenburg),0.397,0.375,559.44,18854,0.814,0.06,,,,,,,
Phoenix Academy High,0.738,0,233.33,46250,0.882,0.056,,,,,,,
Dare Learning Academy,0.375,0,633.33,20105,0.887,0.05,,,,,,,
Warlick Academy,0.552,0.429,2909.64,18894,0.877,0.06,,,,,,,
STAR Academy,0.749,0.429,3248.45,14449,0.812,0.097,,,,,,,
Central Haywood High,0.531,0.2,714.29,18725,0.833,0.063,,,,,,,
SCORE Academy,0.333,0.158,0,16936,0.862,0.061,,,,,,,
Pressly School,0.635,0.368,1300,21250,0.912,0.032,,,,,,,
Jackson Co Sch of Alternatives,0.561,0.188,567.9,26010,0.876,0.035,,,,,,,
Lenoir County Learning Academy,0.633,0.2,987.34,18901,0.801,0.06,,,,,,,
Lakeview School,0.876,0.25,2876.54,45258,0.93,0.027,,,,,,,
Durham's Performance Learning Center,0.774,0.333,250,15776,0.878,0.055,,,,,,,
Stanly Academy Learning Center,0.5,0,2583.33,23337,0.916,0.045,,,,,,,
Meadowbrook Academy,0.764,0.571,975.61,15262,0.873,0.032,,,,,,,
AdVance Academy,0.67,0.333,419.36,14199,0.701,0.206,,,,,,,
SCALE School,0.635,0,95.09,57739,0.919,0.04,,,,,,,
Mount Vernon,0.77,0.086,847.46,39441,0.94,0.026,,,,,,,
Phillips High,0.694,0.031,185.84,35276,0.932,0.028,,,,,,,
Henderson County Career Academy,0.691,0.389,572.52,18460,0.865,0.061,,,,,,,
Ray Street Academy,0.702,0.045,1692.31,33251,0.947,0.011,,,,,,,
Asbury Academy,0.607,0.111,1226.42,21465,0.872,0.021,,,,,,,
Anson Academy,0.645,0,4527.78,25114,0.822,0.0699,,,,,,,
Thomas Academy,0.691,0,10,NA,NA,NA,,,,,,,
Gateway School,0.0639,0,1046.15,28314,0.745,0.057,,,,,,,
Horizons Elementary,0.605,0,852.94,39602,0.94,0.023,,,,,,,
SAGE Academy,0.783,0,230.77,98378,0.913,0.039,,,,,,,
Ashley Chapel Educational Center,0.841,0.182,4754.39,31522,0.879,0.053,,,,,,,
Stoner-Thomas School,0.638,0,10.53,25775,0.938,0.023,,,,,,,
Davidson County High School,0.705,0.2,582.42,16547,0.876,0.053,,,,,,,
The SCORE Center,0.8,0,1232.56,46555,0.922,0.016,,,,,,,
Yadkin Success Academy,0.868,0,368.42,31264,0.932,0.02,,,,,,,
North Whiteville Academy,0.95,0,2129.03,24391,0.92,0.034,,,,,,,
,,,,,,,,,,,,,
,,,,,,,,,,,,,
,,,,,,,,,,,,,
,,,,,,,,,,,,,
,,,,,,,,,,,,,
,,,,,,,,,,,,,
,,,,,,,,,,,,,
,,,,,,,,,,,,,
,,,,,,,,,,,,,
,,,,,,,,,,,,,
,,,,,,,,,,,,,
,,,,,,,,,,,,,