Lea State,LEA,School State,School,ID,Year,Category,Sex,American Indian or Alaska Native,Asian,Hawaiian/ Pacific Islander,Hispanic,Black,White,Two or more races,Total,SWD (IDEA-Eligible),SWD (Section 504 only),LEP
NC,Wilson County Schools,NC,Stantonsburg Elementary,3.70502E+11,2017,Students absent 15 or more school dates during school year,M,,,,6,5,8,1,20,,,1
NC,Wilson County Schools,NC,Stantonsburg Elementary,3.70502E+11,2017,Students absent 15 or more school dates during school year,F,,,,3,1,6,,10,2,,1
NC,Wilson County Schools,NC,Vinson-Bynum Elementary,3.70502E+11,2017,Students absent 15 or more school dates during school year,M,,,,1,8,1,1,11,2,,
NC,Wilson County Schools,NC,Vinson-Bynum Elementary,3.70502E+11,2017,Students absent 15 or more school dates during school year,F,,1,,,1,2,,4,,,
NC,Wilson County Schools,NC,Wells Elementary,3.70502E+11,2017,Students absent 15 or more school dates during school year,M,,,,,4,6,,10,2,,
NC,Wilson County Schools,NC,Wells Elementary,3.70502E+11,2017,Students absent 15 or more school dates during school year,F,,,,,2,,,2,1,,
NC,Wilson County Schools,NC,Winstead Elementary,3.70502E+11,2017,Students absent 15 or more school dates during school year,M,,,,6,27,3,3,39,14,,5
NC,Wilson County Schools,NC,Winstead Elementary,3.70502E+11,2017,Students absent 15 or more school dates during school year,F,,,,6,10,1,1,18,1,,6
NC,Wilson County Schools,NC,Charles H Darden Middle,3.70502E+11,2017,Students absent 15 or more school dates during school year,M,,,,8,27,,2,37,7,,3
NC,Wilson County Schools,NC,Charles H Darden Middle,3.70502E+11,2017,Students absent 15 or more school dates during school year,F,,,,3,20,2,1,26,5,,1
NC,Wilson County Schools,NC,Forest Hills Middle,3.70502E+11,2017,Students absent 15 or more school dates during school year,M,,,,1,27,6,3,37,11,,2
NC,Wilson County Schools,NC,Forest Hills Middle,3.70502E+11,2017,Students absent 15 or more school dates during school year,F,,1,,5,20,5,,31,5,,
NC,Wilson County Schools,NC,Toisnot Middle,3.70502E+11,2017,Students absent 15 or more school dates during school year,M,,,,5,42,5,6,58,12,,4
NC,Wilson County Schools,NC,Toisnot Middle,3.70502E+11,2017,Students absent 15 or more school dates during school year,F,,,,7,29,8,1,45,6,,1
NC,Wilson County Schools,NC,Milton M Daniels Learning Cntr,3.70502E+11,2017,Students absent 15 or more school dates during school year,M,,,,4,44,9,,57,18,,
NC,Wilson County Schools,NC,Milton M Daniels Learning Cntr,3.70502E+11,2017,Students absent 15 or more school dates during school year,F,,,,2,20,1,,23,1,,
NC,Wilson County Schools,NC,Vick Elementary,3.70502E+11,2017,Students absent 15 or more school dates during school year,M,,,,3,5,2,,10,1,,1
NC,Wilson County Schools,NC,Vick Elementary,3.70502E+11,2017,Students absent 15 or more school dates during school year,F,,,,3,7,,,10,1,,1
NC,Wilson County Schools,NC,John W Jones Elementary,3.70502E+11,2017,Students absent 15 or more school dates during school year,M,,1,,7,21,11,6,46,10,,6
NC,Wilson County Schools,NC,John W Jones Elementary,3.70502E+11,2017,Students absent 15 or more school dates during school year,F,,,,1,16,5,,22,2,,
NC,Wilson County Schools,NC,Wilson Early College Academy,3.70502E+11,2017,Students absent 15 or more school dates during school year,M,,,,,,1,,1,,,
NC,Wilson County Schools,NC,Wilson Early College Academy,3.70502E+11,2017,Students absent 15 or more school dates during school year,F,,,,1,1,3,,5,,,
NC,Wilson County Schools,NC,Wilson Academy of Applied Technology,3.70502E+11,2017,Students absent 15 or more school dates during school year,M,,,,,,,,0,,,
NC,Wilson County Schools,NC,Wilson Academy of Applied Technology,3.70502E+11,2017,Students absent 15 or more school dates during school year,F,,,,2,3,,,5,,,
NC,Yadkin County Schools,NC,Boonville Elementary,3.70504E+11,2017,Students absent 15 or more school dates during school year,M,,,,,,,,0,,,
NC,Yadkin County Schools,NC,Boonville Elementary,3.70504E+11,2017,Students absent 15 or more school dates during school year,F,,,,,,1,,1,3,,
NC,Yadkin County Schools,NC,Courtney Elementary,3.70504E+11,2017,Students absent 15 or more school dates during school year,M,,,,,,7,,7,6,,
NC,Yadkin County Schools,NC,Courtney Elementary,3.70504E+11,2017,Students absent 15 or more school dates during school year,F,,,,2,,13,,15,1,,
NC,Yadkin County Schools,NC,East Bend Elementary,3.70504E+11,2017,Students absent 15 or more school dates during school year,M,,,,2,,16,,18,5,,2
NC,Yadkin County Schools,NC,East Bend Elementary,3.70504E+11,2017,Students absent 15 or more school dates during school year,F,,,,3,,8,3,14,2,,1
NC,Yadkin County Schools,NC,Fall Creek Elementary,3.70504E+11,2017,Students absent 15 or more school dates during school year,M,,,,2,,9,,11,1,2,
NC,Yadkin County Schools,NC,Fall Creek Elementary,3.70504E+11,2017,Students absent 15 or more school dates during school year,F,,,,2,,8,,10,2,,
NC,Yadkin County Schools,NC,Forbush High,3.70504E+11,2017,Students absent 15 or more school dates during school year,M,1,,,7,3,54,4,69,8,,2
NC,Yadkin County Schools,NC,Forbush High,3.70504E+11,2017,Students absent 15 or more school dates during school year,F,,,,9,2,55,2,68,9,,1
NC,Yadkin County Schools,NC,Jonesville Elementary,3.70504E+11,2017,Students absent 15 or more school dates during school year,M,,,,,2,10,,12,8,,
NC,Yadkin County Schools,NC,Jonesville Elementary,3.70504E+11,2017,Students absent 15 or more school dates during school year,F,,,,4,,12,1,17,3,1,
NC,Yadkin County Schools,NC,Starmount High,3.70504E+11,2017,Students absent 15 or more school dates during school year,M,,,1,7,1,48,,57,13,,
NC,Yadkin County Schools,NC,Starmount High,3.70504E+11,2017,Students absent 15 or more school dates during school year,F,1,,2,10,,30,,43,8,,1
NC,Yadkin County Schools,NC,West Yadkin Elementary,3.70504E+11,2017,Students absent 15 or more school dates during school year,M,,,,6,,17,1,24,6,,1
NC,Yadkin County Schools,NC,West Yadkin Elementary,3.70504E+11,2017,Students absent 15 or more school dates during school year,F,,,,6,,24,1,31,7,,2
NC,Yadkin County Schools,NC,Yadkinville Elementary,3.70504E+11,2017,Students absent 15 or more school dates during school year,M,,,,8,4,11,2,25,3,,1
NC,Yadkin County Schools,NC,Yadkinville Elementary,3.70504E+11,2017,Students absent 15 or more school dates during school year,F,,,,4,2,17,3,26,5,,1
NC,Yadkin County Schools,NC,Forbush Elementary,3.70504E+11,2017,Students absent 15 or more school dates during school year,M,,,,1,,1,,2,,,
NC,Yadkin County Schools,NC,Forbush Elementary,3.70504E+11,2017,Students absent 15 or more school dates during school year,F,,,,,,2,,2,,,
NC,Yadkin County Schools,NC,Yadkin Success Academy,3.70504E+11,2017,Students absent 15 or more school dates during school year,M,,,,3,4,30,4,41,12,,
NC,Yadkin County Schools,NC,Yadkin Success Academy,3.70504E+11,2017,Students absent 15 or more school dates during school year,F,,,,1,1,11,2,15,3,1,1
NC,Yadkin County Schools,NC,Forbush Middle,3.70504E+11,2017,Students absent 15 or more school dates during school year,M,,,,5,3,34,2,44,8,,2
NC,Yadkin County Schools,NC,Forbush Middle,3.70504E+11,2017,Students absent 15 or more school dates during school year,F,,,,2,,25,2,29,6,,1
NC,Yadkin County Schools,NC,Starmount Middle,3.70504E+11,2017,Students absent 15 or more school dates during school year,M,,,,5,,11,,16,1,,1
NC,Yadkin County Schools,NC,Starmount Middle,3.70504E+11,2017,Students absent 15 or more school dates during school year,F,,,,4,,10,,14,2,,1
NC,Winston Salem / Forsyth County Schools,NC,Walkertown Middle,3.7015E+11,2017,Students absent 15 or more school dates during school year,M,1,,,4,32,35,2,74,22,5,
NC,Winston Salem / Forsyth County Schools,NC,Walkertown Middle,3.7015E+11,2017,Students absent 15 or more school dates during school year,F,,,,8,22,46,2,78,7,4,
NC,Winston Salem / Forsyth County Schools,NC,West Forsyth High,3.7015E+11,2017,Students absent 15 or more school dates during school year,M,,7,,48,25,195,12,287,28,7,14
NC,Winston Salem / Forsyth County Schools,NC,West Forsyth High,3.7015E+11,2017,Students absent 15 or more school dates during school year,F,1,2,1,58,34,179,16,291,15,11,13
NC,Winston Salem / Forsyth County Schools,NC,Whitaker Elementary,3.7015E+11,2017,Students absent 15 or more school dates during school year,M,,,,1,2,7,1,11,2,1,1
NC,Winston Salem / Forsyth County Schools,NC,Whitaker Elementary,3.7015E+11,2017,Students absent 15 or more school dates during school year,F,,,,,3,11,,14,3,,
NC,Winston Salem / Forsyth County Schools,NC,Wiley Magnet Middle,3.7015E+11,2017,Students absent 15 or more school dates during school year,M,,2,,18,30,15,5,70,18,3,15
NC,Winston Salem / Forsyth County Schools,NC,Wiley Magnet Middle,3.7015E+11,2017,Students absent 15 or more school dates during school year,F,1,,,13,32,15,6,67,8,2,6
NC,Winston Salem / Forsyth County Schools,NC,North Hills Elementary,3.7015E+11,2017,Students absent 15 or more school dates during school year,M,1,,3,18,44,2,2,70,13,,15
NC,Winston Salem / Forsyth County Schools,NC,North Hills Elementary,3.7015E+11,2017,Students absent 15 or more school dates during school year,F,,,,17,22,1,3,43,3,,10
NC,Winston Salem / Forsyth County Schools,NC,J F Kennedy High,3.7015E+11,2017,Students absent 15 or more school dates during school year,M,,,,15,6,2,,23,4,2,1
NC,Winston Salem / Forsyth County Schools,NC,J F Kennedy High,3.7015E+11,2017,Students absent 15 or more school dates during school year,F,,,,28,21,2,2,53,4,,2
NC,Winston Salem / Forsyth County Schools,NC,Piney Grove Elementary,3.7015E+11,2017,Students absent 15 or more school dates during school year,M,,,,6,2,16,,24,5,1,5
NC,Winston Salem / Forsyth County Schools,NC,Piney Grove Elementary,3.7015E+11,2017,Students absent 15 or more school dates during school year,F,,,,6,4,19,2,31,6,2,3
NC,Winston Salem / Forsyth County Schools,NC,The Downtown School,3.7015E+11,2017,Students absent 15 or more school dates during school year,M,,,,,1,,,1,,,
NC,Winston Salem / Forsyth County Schools,NC,The Downtown School,3.7015E+11,2017,Students absent 15 or more school dates during school year,F,,,,2,,2,,4,1,1,2
NC,Winston Salem / Forsyth County Schools,NC,Kernersville Middle,3.7015E+11,2017,Students absent 15 or more school dates during school year,M,,,,18,5,30,1,54,11,4,7
NC,Winston Salem / Forsyth County Schools,NC,Kernersville Middle,3.7015E+11,2017,Students absent 15 or more school dates during school year,F,,,,13,12,20,1,46,8,1,1
NC,Winston Salem / Forsyth County Schools,NC,Meadowlark Elementary,3.7015E+11,2017,Students absent 15 or more school dates during school year,M,,4,,2,5,13,3,27,9,1,4
NC,Winston Salem / Forsyth County Schools,NC,Meadowlark Elementary,3.7015E+11,2017,Students absent 15 or more school dates during school year,F,,1,,,4,8,2,15,2,,1
NC,Winston Salem / Forsyth County Schools,NC,Southeast Middle,3.7015E+11,2017,Students absent 15 or more school dates during school year,M,,,,23,14,46,2,85,15,6,4
NC,Winston Salem / Forsyth County Schools,NC,Southeast Middle,3.7015E+11,2017,Students absent 15 or more school dates during school year,F,,,,37,8,33,3,81,11,1,8
NC,Winston Salem / Forsyth County Schools,NC,Ashley Academy,3.7015E+11,2017,Students absent 15 or more school dates during school year,M,,,,24,38,4,3,69,17,,12
NC,Winston Salem / Forsyth County Schools,NC,Ashley Academy,3.7015E+11,2017,Students absent 15 or more school dates during school year,F,,,,19,48,2,,69,5,,14
NC,Winston Salem / Forsyth County Schools,NC,Clemmons Middle School,3.7015E+11,2017,Students absent 15 or more school dates during school year,M,,,,17,19,36,8,80,13,6,8
NC,Winston Salem / Forsyth County Schools,NC,Clemmons Middle School,3.7015E+11,2017,Students absent 15 or more school dates during school year,F,,,,16,20,30,5,71,9,3,3
NC,Winston Salem / Forsyth County Schools,NC,Cook Literacy Model School,3.7015E+11,2017,Students absent 15 or more school dates during school year,M,,,,1,43,1,3,48,9,,3
NC,Winston Salem / Forsyth County Schools,NC,Cook Literacy Model School,3.7015E+11,2017,Students absent 15 or more school dates during school year,F,,,,6,35,1,,42,5,1,4
NC,Winston Salem / Forsyth County Schools,NC,Thomas Jefferson Middle,3.7015E+11,2017,Students absent 15 or more school dates during school year,M,,1,1,13,22,29,3,69,12,6,3
NC,Winston Salem / Forsyth County Schools,NC,Thomas Jefferson Middle,3.7015E+11,2017,Students absent 15 or more school dates during school year,F,,2,,8,14,38,1,63,3,2,3
NC,Winston Salem / Forsyth County Schools,NC,Meadowlark Middle,3.7015E+11,2017,Students absent 15 or more school dates during school year,M,,,,8,4,51,4,67,13,3,2
NC,Winston Salem / Forsyth County Schools,NC,Meadowlark Middle,3.7015E+11,2017,Students absent 15 or more school dates during school year,F,,,,8,4,56,6,74,14,4,1
NC,Wilson Preparatory Academy,NC,Wilson Preparatory Academy,3.70038E+11,2017,Students absent 15 or more school dates during school year,M,,,,,12,10,4,26,2,,
NC,Wilson Preparatory Academy,NC,Wilson Preparatory Academy,3.70038E+11,2017,Students absent 15 or more school dates during school year,F,,,,,6,9,5,20,3,,
NC,Winston Salem / Forsyth County Schools,NC,Bolton Elementary,3.7015E+11,2017,Students absent 15 or more school dates during school year,M,,,,6,22,10,,38,9,2,4
NC,Winston Salem / Forsyth County Schools,NC,Bolton Elementary,3.7015E+11,2017,Students absent 15 or more school dates during school year,F,,,,13,16,9,1,39,4,,8
NC,Winston Salem / Forsyth County Schools,NC,Brunson Elementary,3.7015E+11,2017,Students absent 15 or more school dates during school year,M,,1,,9,26,6,2,44,7,,10
NC,Winston Salem / Forsyth County Schools,NC,Brunson Elementary,3.7015E+11,2017,Students absent 15 or more school dates during school year,F,,3,,7,18,5,3,36,2,,7
NC,Winston Salem / Forsyth County Schools,NC,Carver High,3.7015E+11,2017,Students absent 15 or more school dates during school year,M,,,,55,107,8,4,174,42,,30
NC,Winston Salem / Forsyth County Schools,NC,Carver High,3.7015E+11,2017,Students absent 15 or more school dates during school year,F,,2,,65,129,5,,201,33,5,27
NC,Winston Salem / Forsyth County Schools,NC,Cash Elementary,3.7015E+11,2017,Students absent 15 or more school dates during school year,M,,,,6,9,29,4,48,7,1,4
NC,Winston Salem / Forsyth County Schools,NC,Cash Elementary,3.7015E+11,2017,Students absent 15 or more school dates during school year,F,,,,5,7,26,4,42,8,,3
NC,Winston Salem / Forsyth County Schools,NC,Childrens Center,3.7015E+11,2017,Students absent 15 or more school dates during school year,M,,,,5,5,6,1,17,16,,
NC,Winston Salem / Forsyth County Schools,NC,Childrens Center,3.7015E+11,2017,Students absent 15 or more school dates during school year,F,,,,2,3,1,1,7,7,,
NC,Winston Salem / Forsyth County Schools,NC,Clemmons Elementary,3.7015E+11,2017,Students absent 15 or more school dates during school year,M,1,1,,6,4,18,3,33,7,,2
NC,Winston Salem / Forsyth County Schools,NC,Clemmons Elementary,3.7015E+11,2017,Students absent 15 or more school dates during school year,F,,,,2,3,22,3,30,4,,3
NC,Winston Salem / Forsyth County Schools,NC,East Forsyth High,3.7015E+11,2017,Students absent 15 or more school dates during school year,M,,1,1,54,47,117,17,237,32,7,29
NC,Winston Salem / Forsyth County Schools,NC,East Forsyth High,3.7015E+11,2017,Students absent 15 or more school dates during school year,F,,,,53,32,110,7,202,16,8,14
NC,Winston Salem / Forsyth County Schools,NC,Easton Elementary School,3.7015E+11,2017,Students absent 15 or more school dates during school year,M,1,,,23,26,4,4,58,5,1,13
NC,Winston Salem / Forsyth County Schools,NC,Easton Elementary School,3.7015E+11,2017,Students absent 15 or more school dates during school year,F,1,,,23,25,4,2,55,2,2,13
NC,Winston Salem / Forsyth County Schools,NC,Forest Park Elementary,3.7015E+11,2017,Students absent 15 or more school dates during school year,M,,,,31,31,4,8,74,4,,22
NC,Winston Salem / Forsyth County Schools,NC,Forest Park Elementary,3.7015E+11,2017,Students absent 15 or more school dates during school year,F,,,,38,27,4,3,72,7,,23
NC,Winston Salem / Forsyth County Schools,NC,Robert B Glenn High School,3.7015E+11,2017,Students absent 15 or more school dates during school year,M,,1,,118,55,69,4,247,45,10,53
NC,Winston Salem / Forsyth County Schools,NC,Robert B Glenn High School,3.7015E+11,2017,Students absent 15 or more school dates during school year,F,4,,,103,41,60,13,221,19,6,35
NC,Winston Salem / Forsyth County Schools,NC,Griffith Elementary,3.7015E+11,2017,Students absent 15 or more school dates during school year,M,,,1,13,20,5,1,40,12,1,6
NC,Winston Salem / Forsyth County Schools,NC,Griffith Elementary,3.7015E+11,2017,Students absent 15 or more school dates during school year,F,,,2,15,9,3,,29,4,,8
NC,Winston Salem / Forsyth County Schools,NC,Hall-Woodward Elementary,3.7015E+11,2017,Students absent 15 or more school dates during school year,M,,,,27,18,3,4,52,5,,15
NC,Winston Salem / Forsyth County Schools,NC,Hall-Woodward Elementary,3.7015E+11,2017,Students absent 15 or more school dates during school year,F,,1,,30,20,7,1,59,3,,16
NC,Winston Salem / Forsyth County Schools,NC,Hanes Magnet School,3.7015E+11,2017,Students absent 15 or more school dates during school year,M,1,1,,15,26,14,3,60,11,5,8
NC,Winston Salem / Forsyth County Schools,NC,Hanes Magnet School,3.7015E+11,2017,Students absent 15 or more school dates during school year,F,,,,11,27,2,1,41,8,,3
NC,Winston Salem / Forsyth County Schools,NC,Ibraham Elementary,3.7015E+11,2017,Students absent 15 or more school dates during school year,M,,,,10,35,13,1,59,12,,6
NC,Winston Salem / Forsyth County Schools,NC,Ibraham Elementary,3.7015E+11,2017,Students absent 15 or more school dates during school year,F,,,,6,18,11,2,37,2,,2
NC,Winston Salem / Forsyth County Schools,NC,Jefferson Elementary,3.7015E+11,2017,Students absent 15 or more school dates during school year,M,,4,,3,8,5,,20,8,1,
NC,Winston Salem / Forsyth County Schools,NC,Jefferson Elementary,3.7015E+11,2017,Students absent 15 or more school dates during school year,F,,,,2,6,8,1,17,1,2,
NC,Yancey County Schools,NC,Bald Creek Elementary,3.70507E+11,2017,Students absent 15 or more school dates during school year,M,,,,3,,15,,18,3,,1
NC,Yancey County Schools,NC,Bald Creek Elementary,3.70507E+11,2017,Students absent 15 or more school dates during school year,F,1,,,1,,19,1,22,3,1,
NC,Yancey County Schools,NC,Bee Log Elementary,3.70507E+11,2017,Students absent 15 or more school dates during school year,M,,,,,,6,,6,,,
NC,Yancey County Schools,NC,Bee Log Elementary,3.70507E+11,2017,Students absent 15 or more school dates during school year,F,,,,,,7,,7,1,,
NC,Yancey County Schools,NC,Burnsville Elementary,3.70507E+11,2017,Students absent 15 or more school dates during school year,M,,,,2,,21,1,24,12,,1
NC,Yancey County Schools,NC,Burnsville Elementary,3.70507E+11,2017,Students absent 15 or more school dates during school year,F,,,,4,3,20,3,30,4,,3
NC,Yancey County Schools,NC,Cane River Middle,3.70507E+11,2017,Students absent 15 or more school dates during school year,M,,,,,,16,1,17,4,,
NC,Yancey County Schools,NC,Cane River Middle,3.70507E+11,2017,Students absent 15 or more school dates during school year,F,,,,,,13,1,14,,,
NC,Yancey County Schools,NC,Clearmont Elementary,3.70507E+11,2017,Students absent 15 or more school dates during school year,M,,,,,,12,,12,4,1,
NC,Yancey County Schools,NC,Clearmont Elementary,3.70507E+11,2017,Students absent 15 or more school dates during school year,F,,,,,,11,,11,2,,
NC,Yancey County Schools,NC,East Yancey Middle,3.70507E+11,2017,Students absent 15 or more school dates during school year,M,,,,4,,19,1,24,5,,
NC,Yancey County Schools,NC,East Yancey Middle,3.70507E+11,2017,Students absent 15 or more school dates during school year,F,,,,3,,20,,23,4,,
NC,Yancey County Schools,NC,Micaville Elementary,3.70507E+11,2017,Students absent 15 or more school dates during school year,M,,,,8,,14,,22,5,,8
NC,Yancey County Schools,NC,Micaville Elementary,3.70507E+11,2017,Students absent 15 or more school dates during school year,F,,,,1,,14,1,16,1,,
NC,Yancey County Schools,NC,Mountain Heritage High,3.70507E+11,2017,Students absent 15 or more school dates during school year,M,,,,8,,73,,81,14,,5
NC,Yancey County Schools,NC,Mountain Heritage High,3.70507E+11,2017,Students absent 15 or more school dates during school year,F,,,,3,,57,,60,3,,1
NC,Yancey County Schools,NC,South Toe Elementary,3.70507E+11,2017,Students absent 15 or more school dates during school year,M,,,,1,,3,,4,1,1,
NC,Yancey County Schools,NC,South Toe Elementary,3.70507E+11,2017,Students absent 15 or more school dates during school year,F,,,,2,,2,,4,,,1
NC,Winston Salem / Forsyth County Schools,NC,Petree Elementary,3.7015E+11,2017,Students absent 15 or more school dates during school year,M,,,,11,53,2,6,72,10,1,9
NC,Winston Salem / Forsyth County Schools,NC,Petree Elementary,3.7015E+11,2017,Students absent 15 or more school dates during school year,F,,,,6,36,,6,48,4,1,1
NC,Winston Salem / Forsyth County Schools,NC,Homebound/ Hospital Education,3.7015E+11,2017,Students absent 15 or more school dates during school year,M,,,,,1,,,1,,,
NC,Winston Salem / Forsyth County Schools,NC,Homebound/ Hospital Education,3.7015E+11,2017,Students absent 15 or more school dates during school year,F,,,,,,1,,1,,,
NC,Winston Salem / Forsyth County Schools,NC,Ward Elementary,3.7015E+11,2017,Students absent 15 or more school dates during school year,M,,1,,12,15,11,3,42,14,1,7
NC,Winston Salem / Forsyth County Schools,NC,Ward Elementary,3.7015E+11,2017,Students absent 15 or more school dates during school year,F,,1,,25,15,12,,53,13,1,9
NC,Winston Salem / Forsyth County Schools,NC,Gibson Elementary,3.7015E+11,2017,Students absent 15 or more school dates during school year,M,,,,16,34,9,1,60,9,,10
NC,Winston Salem / Forsyth County Schools,NC,Gibson Elementary,3.7015E+11,2017,Students absent 15 or more school dates during school year,F,2,,,14,37,2,3,58,4,1,10
NC,Winston Salem / Forsyth County Schools,NC,Middle College of Forsyth Cnty,3.7015E+11,2017,Students absent 15 or more school dates during school year,M,,,,,,4,1,5,,1,
NC,Winston Salem / Forsyth County Schools,NC,Middle College of Forsyth Cnty,3.7015E+11,2017,Students absent 15 or more school dates during school year,F,,,,3,1,8,1,13,,,
NC,Winston Salem / Forsyth County Schools,NC,Middle Fork Elementary,3.7015E+11,2017,Students absent 15 or more school dates during school year,M,,,,5,22,9,3,39,13,,3
NC,Winston Salem / Forsyth County Schools,NC,Middle Fork Elementary,3.7015E+11,2017,Students absent 15 or more school dates during school year,F,,,,2,17,2,,21,3,1,1
NC,Winston Salem / Forsyth County Schools,NC,Winston-Salem Preparatory Acad,3.7015E+11,2017,Students absent 15 or more school dates during school year,M,,,,8,31,2,1,42,7,2,9
NC,Winston Salem / Forsyth County Schools,NC,Winston-Salem Preparatory Acad,3.7015E+11,2017,Students absent 15 or more school dates during school year,F,,,,16,34,1,2,53,6,1,11
NC,Winston Salem / Forsyth County Schools,NC,East Forsyth Middle School,3.7015E+11,2017,Students absent 15 or more school dates during school year,M,,,,28,53,36,5,122,32,1,17
NC,Winston Salem / Forsyth County Schools,NC,East Forsyth Middle School,3.7015E+11,2017,Students absent 15 or more school dates during school year,F,,,,29,40,24,3,96,19,3,9
NC,Winston Salem / Forsyth County Schools,NC,Main Street Academy,3.7015E+11,2017,Students absent 15 or more school dates during school year,M,,,,40,77,5,1,123,33,5,20
NC,Winston Salem / Forsyth County Schools,NC,Main Street Academy,3.7015E+11,2017,Students absent 15 or more school dates during school year,F,,,,6,24,3,2,35,5,1,3
NC,Winston Salem / Forsyth County Schools,NC,Ronald W Reagan High School,3.7015E+11,2017,Students absent 15 or more school dates during school year,M,,6,1,29,27,148,8,219,30,6,6
NC,Winston Salem / Forsyth County Schools,NC,Ronald W Reagan High School,3.7015E+11,2017,Students absent 15 or more school dates during school year,F,1,3,,28,24,110,8,174,14,2,7
NC,Winston Salem / Forsyth County Schools,NC,The Special Children's School,3.7015E+11,2017,Students absent 15 or more school dates during school year,M,,,,1,3,4,,8,6,,
NC,Winston Salem / Forsyth County Schools,NC,The Special Children's School,3.7015E+11,2017,Students absent 15 or more school dates during school year,F,,,,,,,,0,,,
NC,Winston Salem / Forsyth County Schools,NC,Early College of Forsyth Co,3.7015E+11,2017,Students absent 15 or more school dates during school year,M,,,,,,,1,1,,,
NC,Winston Salem / Forsyth County Schools,NC,Early College of Forsyth Co,3.7015E+11,2017,Students absent 15 or more school dates during school year,F,,,,,2,1,,3,,,
NC,Winston Salem / Forsyth County Schools,NC,Caleb's Creek Elementary,3.7015E+11,2017,Students absent 15 or more school dates during school year,M,,,1,7,5,10,3,26,8,,1
NC,Winston Salem / Forsyth County Schools,NC,Caleb's Creek Elementary,3.7015E+11,2017,Students absent 15 or more school dates during school year,F,,,,6,2,21,,29,3,2,1
NC,Winston Salem / Forsyth County Schools,NC,Flat Rock Middle,3.7015E+11,2017,Students absent 15 or more school dates during school year,M,,,1,22,46,18,1,88,21,2,9
NC,Winston Salem / Forsyth County Schools,NC,Flat Rock Middle,3.7015E+11,2017,Students absent 15 or more school dates during school year,F,,1,1,29,27,22,7,87,7,,12
NC,Winston Salem / Forsyth County Schools,NC,Kimmel Farm Elementary,3.7015E+11,2017,Students absent 15 or more school dates during school year,M,6,2,,4,20,22,5,59,6,,3
NC,Winston Salem / Forsyth County Schools,NC,Kimmel Farm Elementary,3.7015E+11,2017,Students absent 15 or more school dates during school year,F,,1,,5,15,17,4,42,5,,2
NC,Winston Salem / Forsyth County Schools,NC,Atkins Academic & Tech High,3.7015E+11,2017,Students absent 15 or more school dates during school year,M,,,,20,12,39,2,73,7,10,1
NC,Winston Salem / Forsyth County Schools,NC,Atkins Academic & Tech High,3.7015E+11,2017,Students absent 15 or more school dates during school year,F,,1,,10,11,24,,46,,6,
NC,Winston Salem / Forsyth County Schools,NC,Kingswood School,3.7015E+11,2017,Students absent 15 or more school dates during school year,M,,,,5,49,8,10,72,33,3,1
NC,Winston Salem / Forsyth County Schools,NC,Kingswood School,3.7015E+11,2017,Students absent 15 or more school dates during school year,F,,,,3,19,14,4,40,15,2,1
NC,Winston Salem / Forsyth County Schools,NC,Walkertown High,3.7015E+11,2017,Students absent 15 or more school dates during school year,M,1,,,9,26,76,8,120,27,7,2
NC,Winston Salem / Forsyth County Schools,NC,Walkertown High,3.7015E+11,2017,Students absent 15 or more school dates during school year,F,,,,15,11,87,1,114,15,3,3
NC,Winston Salem / Forsyth County Schools,NC,Frank Morgan Elementary,3.7015E+11,2017,Students absent 15 or more school dates during school year,M,,,1,9,5,10,2,27,7,1,4
NC,Winston Salem / Forsyth County Schools,NC,Frank Morgan Elementary,3.7015E+11,2017,Students absent 15 or more school dates during school year,F,,3,,8,3,13,1,28,6,,3
NC,Winston Salem / Forsyth County Schools,NC,Smith Farm Elementary,3.7015E+11,2017,Students absent 15 or more school dates during school year,M,,,,7,15,10,3,35,8,2,3
NC,Winston Salem / Forsyth County Schools,NC,Smith Farm Elementary,3.7015E+11,2017,Students absent 15 or more school dates during school year,F,,,,5,11,10,1,27,3,,4
NC,Whiteville City Schools,NC,Central Middle,3.70492E+11,2017,Students absent 15 or more school dates during school year,M,1,,,7,28,24,8,68,20,,1
NC,Whiteville City Schools,NC,Central Middle,3.70492E+11,2017,Students absent 15 or more school dates during school year,F,,,,3,17,22,3,45,2,,
NC,Whiteville City Schools,NC,Edgewood Elementary,3.70492E+11,2017,Students absent 15 or more school dates during school year,M,,,,5,13,13,7,38,12,,1
NC,Whiteville City Schools,NC,Edgewood Elementary,3.70492E+11,2017,Students absent 15 or more school dates during school year,F,1,,,4,14,17,3,39,7,,2
NC,Whiteville City Schools,NC,Whiteville Primary,3.70492E+11,2017,Students absent 15 or more school dates during school year,M,,,,5,27,12,5,49,13,,4
NC,Whiteville City Schools,NC,Whiteville Primary,3.70492E+11,2017,Students absent 15 or more school dates during school year,F,,,,4,14,16,4,38,4,,2
NC,Whiteville City Schools,NC,Whiteville High,3.70492E+11,2017,Students absent 15 or more school dates during school year,M,1,,,3,25,21,6,56,12,,2
NC,Whiteville City Schools,NC,Whiteville High,3.70492E+11,2017,Students absent 15 or more school dates during school year,F,1,,,10,27,27,1,66,,,3
NC,Whiteville City Schools,NC,North Whiteville Academy,3.70492E+11,2017,Students absent 15 or more school dates during school year,M,1,,,2,20,7,,30,6,,
NC,Whiteville City Schools,NC,North Whiteville Academy,3.70492E+11,2017,Students absent 15 or more school dates during school year,F,,,,,8,1,1,10,,,
NC,Wilkes County Schools,NC,Boomer-Ferguson Elementary,3.70495E+11,2017,Students absent 15 or more school dates during school year,M,,,,,,1,1,2,,,
NC,Wilkes County Schools,NC,Boomer-Ferguson Elementary,3.70495E+11,2017,Students absent 15 or more school dates during school year,F,,,,2,,5,,7,,,
NC,Wilkes County Schools,NC,C B Eller Elementary,3.70495E+11,2017,Students absent 15 or more school dates during school year,M,,,,1,,13,1,15,2,,
NC,Wilkes County Schools,NC,C B Eller Elementary,3.70495E+11,2017,Students absent 15 or more school dates during school year,F,,,,,,7,1,8,2,,
NC,Wilkes County Schools,NC,C C Wright Elementary,3.70495E+11,2017,Students absent 15 or more school dates during school year,M,,,,9,,12,2,23,10,,5
NC,Wilkes County Schools,NC,C C Wright Elementary,3.70495E+11,2017,Students absent 15 or more school dates during school year,F,,,,2,1,1,4,8,4,,
NC,Wilkes County Schools,NC,East Wilkes High,3.70495E+11,2017,Students absent 15 or more school dates during school year,M,,,,1,,34,3,38,8,,
NC,Wilkes County Schools,NC,East Wilkes High,3.70495E+11,2017,Students absent 15 or more school dates during school year,F,,,,4,1,34,2,41,4,,
NC,Wilkes County Schools,NC,Moravian Falls Elementary,3.70495E+11,2017,Students absent 15 or more school dates during school year,M,,,,,,3,,3,1,,
NC,Wilkes County Schools,NC,Moravian Falls Elementary,3.70495E+11,2017,Students absent 15 or more school dates during school year,F,,,,,2,3,3,8,,,
NC,Wilkes County Schools,NC,Mount Pleasant Elementary,3.70495E+11,2017,Students absent 15 or more school dates during school year,M,,,,,,10,,10,2,,
NC,Wilkes County Schools,NC,Mount Pleasant Elementary,3.70495E+11,2017,Students absent 15 or more school dates during school year,F,,,,2,,7,,9,2,,
NC,Wilkes County Schools,NC,Mountain View Elementary,3.70495E+11,2017,Students absent 15 or more school dates during school year,M,,,,,,28,4,32,11,,
NC,Wilkes County Schools,NC,Mountain View Elementary,3.70495E+11,2017,Students absent 15 or more school dates during school year,F,,,,1,2,14,3,20,6,,
NC,Wilkes County Schools,NC,Mulberry Elementary,3.70495E+11,2017,Students absent 15 or more school dates during school year,M,,,,6,1,16,4,27,6,,3
NC,Wilkes County Schools,NC,Mulberry Elementary,3.70495E+11,2017,Students absent 15 or more school dates during school year,F,,,,4,,18,1,23,3,,2
NC,Wilkes County Schools,NC,North Wilkes High,3.70495E+11,2017,Students absent 15 or more school dates during school year,M,,1,,6,,72,1,80,23,,2
NC,Wilkes County Schools,NC,North Wilkes High,3.70495E+11,2017,Students absent 15 or more school dates during school year,F,,,,6,,50,2,58,7,,1
NC,Wilkes County Schools,NC,North Wilkesboro Elementary,3.70495E+11,2017,Students absent 15 or more school dates during school year,M,,,,1,2,6,4,13,3,,
NC,Wilkes County Schools,NC,North Wilkesboro Elementary,3.70495E+11,2017,Students absent 15 or more school dates during school year,F,,,,8,2,11,5,26,,,2
NC,Wilkes County Schools,NC,Roaring River Elementary,3.70495E+11,2017,Students absent 15 or more school dates during school year,M,,,,2,1,2,,5,2,,
NC,Wilkes County Schools,NC,Roaring River Elementary,3.70495E+11,2017,Students absent 15 or more school dates during school year,F,,,,,1,7,,8,2,,
NC,Wilkes County Schools,NC,Ronda-Clingman Elementary,3.70495E+11,2017,Students absent 15 or more school dates during school year,M,,,,,,11,,11,3,,
NC,Wilkes County Schools,NC,Ronda-Clingman Elementary,3.70495E+11,2017,Students absent 15 or more school dates during school year,F,,,,,,15,,15,1,,
NC,Wilkes County Schools,NC,Traphill Elementary,3.70495E+11,2017,Students absent 15 or more school dates during school year,M,,,,,,1,1,2,,,
NC,Wilkes County Schools,NC,Traphill Elementary,3.70495E+11,2017,Students absent 15 or more school dates during school year,F,,,,,,5,,5,,,
NC,Wilkes County Schools,NC,West Wilkes High,3.70495E+11,2017,Students absent 15 or more school dates during school year,M,,,,4,1,40,2,47,17,,2
NC,Wilkes County Schools,NC,West Wilkes High,3.70495E+11,2017,Students absent 15 or more school dates during school year,F,,,,5,,35,3,43,2,,2
NC,Winston Salem / Forsyth County Schools,NC,Kernersville Elementary,3.7015E+11,2017,Students absent 15 or more school dates during school year,M,,,,14,16,22,7,59,14,,7
NC,Winston Salem / Forsyth County Schools,NC,Kernersville Elementary,3.7015E+11,2017,Students absent 15 or more school dates during school year,F,,,,26,13,25,4,68,11,,14
NC,Winston Salem / Forsyth County Schools,NC,Kimberley Park Elementary,3.7015E+11,2017,Students absent 15 or more school dates during school year,M,,,,1,25,,,26,4,,
NC,Winston Salem / Forsyth County Schools,NC,Kimberley Park Elementary,3.7015E+11,2017,Students absent 15 or more school dates during school year,F,,,,5,21,,,26,2,,4
NC,Winston Salem / Forsyth County Schools,NC,Konnoak Elementary,3.7015E+11,2017,Students absent 15 or more school dates during school year,M,,1,,30,24,9,4,68,8,2,20
NC,Winston Salem / Forsyth County Schools,NC,Konnoak Elementary,3.7015E+11,2017,Students absent 15 or more school dates during school year,F,1,,,16,18,8,,43,4,,7
NC,Winston Salem / Forsyth County Schools,NC,Diggs-Latham Elementary,3.7015E+11,2017,Students absent 15 or more school dates during school year,M,,1,2,15,11,6,2,37,9,1,9
NC,Winston Salem / Forsyth County Schools,NC,Diggs-Latham Elementary,3.7015E+11,2017,Students absent 15 or more school dates during school year,F,,1,,5,17,3,4,30,3,,2
NC,Winston Salem / Forsyth County Schools,NC,Lewisville Elementary,3.7015E+11,2017,Students absent 15 or more school dates during school year,M,,2,,,2,20,3,27,10,,
NC,Winston Salem / Forsyth County Schools,NC,Lewisville Elementary,3.7015E+11,2017,Students absent 15 or more school dates during school year,F,,2,,1,1,15,,19,5,,
NC,Winston Salem / Forsyth County Schools,NC,Lowrance Middle,3.7015E+11,2017,Students absent 15 or more school dates during school year,M,,,,8,8,14,1,31,30,,4
NC,Winston Salem / Forsyth County Schools,NC,Lowrance Middle,3.7015E+11,2017,Students absent 15 or more school dates during school year,F,,,,10,5,4,,19,18,,4
NC,Winston Salem / Forsyth County Schools,NC,Mineral Springs Elementary,3.7015E+11,2017,Students absent 15 or more school dates during school year,M,,1,,21,21,8,3,54,6,1,14
NC,Winston Salem / Forsyth County Schools,NC,Mineral Springs Elementary,3.7015E+11,2017,Students absent 15 or more school dates during school year,F,,,,17,13,1,3,34,4,2,6
NC,Winston Salem / Forsyth County Schools,NC,Mineral Springs Middle,3.7015E+11,2017,Students absent 15 or more school dates during school year,M,,,,17,26,3,3,49,13,2,8
NC,Winston Salem / Forsyth County Schools,NC,Mineral Springs Middle,3.7015E+11,2017,Students absent 15 or more school dates during school year,F,,,,17,20,3,1,41,9,1,8
NC,Winston Salem / Forsyth County Schools,NC,Moore Magnet Elementary,3.7015E+11,2017,Students absent 15 or more school dates during school year,M,,,,3,15,7,1,26,6,3,2
NC,Winston Salem / Forsyth County Schools,NC,Moore Magnet Elementary,3.7015E+11,2017,Students absent 15 or more school dates during school year,F,,,1,3,9,7,1,21,6,1,1
NC,Winston Salem / Forsyth County Schools,NC,Mount Tabor High School,3.7015E+11,2017,Students absent 15 or more school dates during school year,M,,,1,47,76,56,13,193,30,6,13
NC,Winston Salem / Forsyth County Schools,NC,Mount Tabor High School,3.7015E+11,2017,Students absent 15 or more school dates during school year,F,2,,,50,118,50,8,228,22,8,14
NC,Winston Salem / Forsyth County Schools,NC,North Forsyth High,3.7015E+11,2017,Students absent 15 or more school dates during school year,M,,3,2,125,86,44,6,266,28,8,47
NC,Winston Salem / Forsyth County Schools,NC,North Forsyth High,3.7015E+11,2017,Students absent 15 or more school dates during school year,F,2,,3,90,79,33,13,220,20,4,29
NC,Winston Salem / Forsyth County Schools,NC,Northwest Middle,3.7015E+11,2017,Students absent 15 or more school dates during school year,M,,2,,39,28,25,7,101,24,5,10
NC,Winston Salem / Forsyth County Schools,NC,Northwest Middle,3.7015E+11,2017,Students absent 15 or more school dates during school year,F,,,3,42,38,27,3,113,19,2,14
NC,Winston Salem / Forsyth County Schools,NC,Old Richmond Elementary,3.7015E+11,2017,Students absent 15 or more school dates during school year,M,,1,,4,4,17,4,30,11,2,1
NC,Winston Salem / Forsyth County Schools,NC,Old Richmond Elementary,3.7015E+11,2017,Students absent 15 or more school dates during school year,F,,,,5,1,18,,24,3,1,2
NC,Winston Salem / Forsyth County Schools,NC,Old Town Elementary,3.7015E+11,2017,Students absent 15 or more school dates during school year,M,,1,1,21,22,5,2,52,6,3,13
NC,Winston Salem / Forsyth County Schools,NC,Old Town Elementary,3.7015E+11,2017,Students absent 15 or more school dates during school year,F,,,,19,28,3,3,53,4,2,12
NC,Winston Salem / Forsyth County Schools,NC,Paisley IB Magnet School,3.7015E+11,2017,Students absent 15 or more school dates during school year,M,1,,,15,56,6,,78,17,6,1
NC,Winston Salem / Forsyth County Schools,NC,Paisley IB Magnet School,3.7015E+11,2017,Students absent 15 or more school dates during school year,F,,1,,9,49,14,4,77,18,4,3
NC,Wilkes County Schools,NC,Wilkes Central High,3.70495E+11,2017,Students absent 15 or more school dates during school year,M,,,,12,7,45,,64,11,,1
NC,Wilkes County Schools,NC,Wilkes Central High,3.70495E+11,2017,Students absent 15 or more school dates during school year,F,,,,16,10,40,4,70,10,,2
NC,Wilkes County Schools,NC,Wilkesboro Elementary,3.70495E+11,2017,Students absent 15 or more school dates during school year,M,,,,2,3,8,1,14,5,,3
NC,Wilkes County Schools,NC,Wilkesboro Elementary,3.70495E+11,2017,Students absent 15 or more school dates during school year,F,,,,5,3,8,,16,2,,4
NC,Wilkes County Schools,NC,Central Wilkes Middle,3.70495E+11,2017,Students absent 15 or more school dates during school year,M,,,,9,4,24,3,40,11,,3
NC,Wilkes County Schools,NC,Central Wilkes Middle,3.70495E+11,2017,Students absent 15 or more school dates during school year,F,,,,8,2,16,5,31,7,,
NC,Wilkes County Schools,NC,East Wilkes Middle,3.70495E+11,2017,Students absent 15 or more school dates during school year,M,,,,1,1,19,1,22,3,,
NC,Wilkes County Schools,NC,East Wilkes Middle,3.70495E+11,2017,Students absent 15 or more school dates during school year,F,,,,,,22,1,23,1,,
NC,Wilkes County Schools,NC,Millers Creek Elementary,3.70495E+11,2017,Students absent 15 or more school dates during school year,M,,,,7,1,23,2,33,9,,3
NC,Wilkes County Schools,NC,Millers Creek Elementary,3.70495E+11,2017,Students absent 15 or more school dates during school year,F,,,,3,,32,,35,8,,2
NC,Wilkes County Schools,NC,North Wilkes Middle,3.70495E+11,2017,Students absent 15 or more school dates during school year,M,,,,1,1,31,4,37,7,,1
NC,Wilkes County Schools,NC,North Wilkes Middle,3.70495E+11,2017,Students absent 15 or more school dates during school year,F,,,,3,2,23,5,33,5,,
NC,Wilkes County Schools,NC,West Wilkes Middle,3.70495E+11,2017,Students absent 15 or more school dates during school year,M,,,,1,,35,1,37,9,,1
NC,Wilkes County Schools,NC,West Wilkes Middle,3.70495E+11,2017,Students absent 15 or more school dates during school year,F,,,,2,,27,1,30,4,,
NC,Wilkes County Schools,NC,Wilkes Early College High,3.70495E+11,2017,Students absent 15 or more school dates during school year,M,,,,,,,,0,,,
NC,Wilkes County Schools,NC,Wilkes Early College High,3.70495E+11,2017,Students absent 15 or more school dates during school year,F,,,,2,,2,,4,,,
NC,Wilson County Schools,NC,B O Barnes Elementary,3.70502E+11,2017,Students absent 15 or more school dates during school year,M,,,,5,34,1,,40,5,,3
NC,Wilson County Schools,NC,B O Barnes Elementary,3.70502E+11,2017,Students absent 15 or more school dates during school year,F,,,,2,31,,,33,1,,2
NC,Wilson County Schools,NC,Beddingfield High,3.70502E+11,2017,Students absent 15 or more school dates during school year,M,,,,19,73,26,3,121,20,,1
NC,Wilson County Schools,NC,Beddingfield High,3.70502E+11,2017,Students absent 15 or more school dates during school year,F,,,,28,55,18,3,104,2,,4
NC,Wilson County Schools,NC,Elm City Elementary,3.70502E+11,2017,Students absent 15 or more school dates during school year,M,,,,,3,3,3,9,,,
NC,Wilson County Schools,NC,Elm City Elementary,3.70502E+11,2017,Students absent 15 or more school dates during school year,F,,,,,,4,,4,,,
NC,Wilson County Schools,NC,Elm City Middle,3.70502E+11,2017,Students absent 15 or more school dates during school year,M,,,,5,10,11,1,27,1,,
NC,Wilson County Schools,NC,Elm City Middle,3.70502E+11,2017,Students absent 15 or more school dates during school year,F,,,,5,6,13,1,25,2,,2
NC,Wilson County Schools,NC,Fike High,3.70502E+11,2017,Students absent 15 or more school dates during school year,M,,2,,31,79,42,1,155,30,,8
NC,Wilson County Schools,NC,Fike High,3.70502E+11,2017,Students absent 15 or more school dates during school year,F,,,,25,64,24,5,118,9,,3
NC,Wilson County Schools,NC,Gardners Elementary,3.70502E+11,2017,Students absent 15 or more school dates during school year,M,,,,4,4,8,1,17,1,,2
NC,Wilson County Schools,NC,Gardners Elementary,3.70502E+11,2017,Students absent 15 or more school dates during school year,F,,,,4,,6,,10,,,2
NC,Wilson County Schools,NC,James Hunt High,3.70502E+11,2017,Students absent 15 or more school dates during school year,M,,2,,31,62,37,2,134,26,,8
NC,Wilson County Schools,NC,James Hunt High,3.70502E+11,2017,Students absent 15 or more school dates during school year,F,,,,24,58,46,2,130,13,,5
NC,Wilson County Schools,NC,Lee Woodard Elementary,3.70502E+11,2017,Students absent 15 or more school dates during school year,M,,,,2,,12,,14,3,,1
NC,Wilson County Schools,NC,Lee Woodard Elementary,3.70502E+11,2017,Students absent 15 or more school dates during school year,F,,,,4,,8,,12,,1,
NC,Wilson County Schools,NC,Lucama Elementary,3.70502E+11,2017,Students absent 15 or more school dates during school year,M,,,,2,1,4,,7,2,,1
NC,Wilson County Schools,NC,Lucama Elementary,3.70502E+11,2017,Students absent 15 or more school dates during school year,F,,,,,,3,,3,,,
NC,Wilson County Schools,NC,Margaret Hearne Elementary,3.70502E+11,2017,Students absent 15 or more school dates during school year,M,,,,5,12,,,17,2,,2
NC,Wilson County Schools,NC,Margaret Hearne Elementary,3.70502E+11,2017,Students absent 15 or more school dates during school year,F,,,,2,18,1,1,22,2,,
NC,Wilson County Schools,NC,New Hope Elementary,3.70502E+11,2017,Students absent 15 or more school dates during school year,M,,,,1,2,2,,5,1,,
NC,Wilson County Schools,NC,New Hope Elementary,3.70502E+11,2017,Students absent 15 or more school dates during school year,F,,,,,1,,1,2,,,
NC,Wilson County Schools,NC,Rock Ridge Elementary,3.70502E+11,2017,Students absent 15 or more school dates during school year,M,,,,,,1,,1,,,
NC,Wilson County Schools,NC,Rock Ridge Elementary,3.70502E+11,2017,Students absent 15 or more school dates during school year,F,,,,1,,2,,3,,,
NC,Wilson County Schools,NC,Speight Middle,3.70502E+11,2017,Students absent 15 or more school dates during school year,M,,,,7,5,7,2,21,1,,1
NC,Wilson County Schools,NC,Speight Middle,3.70502E+11,2017,Students absent 15 or more school dates during school year,F,,,,4,2,11,,17,1,,
NC,Wilson County Schools,NC,Springfield Middle,3.70502E+11,2017,Students absent 15 or more school dates during school year,M,,,,4,2,9,2,17,3,,
NC,Wilson County Schools,NC,Springfield Middle,3.70502E+11,2017,Students absent 15 or more school dates during school year,F,,,,4,2,17,,23,2,,
NC,Winston Salem / Forsyth County Schools,NC,Parkland High,3.7015E+11,2017,Students absent 15 or more school dates during school year,M,2,2,2,202,117,29,15,369,51,7,86
NC,Winston Salem / Forsyth County Schools,NC,Parkland High,3.7015E+11,2017,Students absent 15 or more school dates during school year,F,,2,,174,140,45,10,371,30,4,46
NC,Winston Salem / Forsyth County Schools,NC,Philo-Hill Magnet Academy,3.7015E+11,2017,Students absent 15 or more school dates during school year,M,,,,41,33,14,2,90,19,,22
NC,Winston Salem / Forsyth County Schools,NC,Philo-Hill Magnet Academy,3.7015E+11,2017,Students absent 15 or more school dates during school year,F,,,,55,32,7,5,99,11,,19
NC,Winston Salem / Forsyth County Schools,NC,R J Reynolds High,3.7015E+11,2017,Students absent 15 or more school dates during school year,M,1,11,,72,141,90,25,340,48,14,31
NC,Winston Salem / Forsyth County Schools,NC,R J Reynolds High,3.7015E+11,2017,Students absent 15 or more school dates during school year,F,1,7,,79,156,99,17,359,33,8,24
NC,Winston Salem / Forsyth County Schools,NC,Rural Hall Elementary,3.7015E+11,2017,Students absent 15 or more school dates during school year,M,,,,11,11,22,3,47,22,2,5
NC,Winston Salem / Forsyth County Schools,NC,Rural Hall Elementary,3.7015E+11,2017,Students absent 15 or more school dates during school year,F,,,,4,9,23,1,37,8,,3
NC,Winston Salem / Forsyth County Schools,NC,Sedge Garden Elementary,3.7015E+11,2017,Students absent 15 or more school dates during school year,M,,,,13,9,25,1,48,14,,9
NC,Winston Salem / Forsyth County Schools,NC,Sedge Garden Elementary,3.7015E+11,2017,Students absent 15 or more school dates during school year,F,,,,15,8,18,3,44,6,,7
NC,Winston Salem / Forsyth County Schools,NC,Sherwood Forest Elementary,3.7015E+11,2017,Students absent 15 or more school dates during school year,M,,,,3,5,5,1,14,6,1,1
NC,Winston Salem / Forsyth County Schools,NC,Sherwood Forest Elementary,3.7015E+11,2017,Students absent 15 or more school dates during school year,F,,1,,,3,6,,10,2,,
NC,Winston Salem / Forsyth County Schools,NC,South Fork Elementary,3.7015E+11,2017,Students absent 15 or more school dates during school year,M,1,1,,11,21,11,2,47,20,1,9
NC,Winston Salem / Forsyth County Schools,NC,South Fork Elementary,3.7015E+11,2017,Students absent 15 or more school dates during school year,F,,1,,11,19,10,3,44,10,,6
NC,Winston Salem / Forsyth County Schools,NC,Carter High School,3.7015E+11,2017,Students absent 15 or more school dates during school year,M,,,,8,8,9,3,28,25,,3
NC,Winston Salem / Forsyth County Schools,NC,Carter High School,3.7015E+11,2017,Students absent 15 or more school dates during school year,F,,,,5,5,6,2,18,16,,1
NC,Winston Salem / Forsyth County Schools,NC,Southwest Elementary,3.7015E+11,2017,Students absent 15 or more school dates during school year,M,,,,2,5,21,3,31,13,,1
NC,Winston Salem / Forsyth County Schools,NC,Southwest Elementary,3.7015E+11,2017,Students absent 15 or more school dates during school year,F,,1,,3,3,11,1,19,3,1,1
NC,Winston Salem / Forsyth County Schools,NC,Speas Elementary,3.7015E+11,2017,Students absent 15 or more school dates during school year,M,,,,15,34,7,5,61,17,4,7
NC,Winston Salem / Forsyth County Schools,NC,Speas Elementary,3.7015E+11,2017,Students absent 15 or more school dates during school year,F,,,,15,30,4,5,54,2,2,6
NC,Winston Salem / Forsyth County Schools,NC,Union Cross Traditional Acad,3.7015E+11,2017,Students absent 15 or more school dates during school year,M,,,,13,6,29,2,50,15,3,4
NC,Winston Salem / Forsyth County Schools,NC,Union Cross Traditional Acad,3.7015E+11,2017,Students absent 15 or more school dates during school year,F,,,,10,3,27,3,43,3,1,2
NC,Winston Salem / Forsyth County Schools,NC,Vienna Elementary,3.7015E+11,2017,Students absent 15 or more school dates during school year,M,,1,,4,1,15,,21,3,2,2
NC,Winston Salem / Forsyth County Schools,NC,Vienna Elementary,3.7015E+11,2017,Students absent 15 or more school dates during school year,F,,5,,3,1,21,3,33,3,2,4
NC,Winston Salem / Forsyth County Schools,NC,Walkertown Elementary,3.7015E+11,2017,Students absent 15 or more school dates during school year,M,,,,5,9,54,4,72,20,1,
NC,Winston Salem / Forsyth County Schools,NC,Walkertown Elementary,3.7015E+11,2017,Students absent 15 or more school dates during school year,F,,,,11,5,53,1,70,10,1,1