Lea State,LEA,School State,School,ID,Year,Category,American Indian or Alaska Native,Asian,Hawaiian/ Pacific Islander,Hispanic,Black,White,Two or more races,Total,SWD (IDEA-Eligible),SWD (Section 504 only),LEP
NC,Wilkes County Schools,NC,North Wilkesboro Elementary,3.70E+11,2017,Total enrollment,0,2,0,118,38,123,35,316,29,4,52
NC,Wilkes County Schools,NC,Mountain View Elementary,3.70E+11,2017,Total enrollment,2,0,0,39,4,494,27,566,89,3,18
NC,Winston Salem / Forsyth County Schools,NC,Walkertown Middle,3.70E+11,2017,Total enrollment,0,0,0,2,19,5,1,27,12,0,0
NC,Wilson Preparatory Academy,NC,Wilson Preparatory Academy,3.70E+11,2017,Total enrollment,2,0,0,24,18,334,14,392,106,10,1
NC,Yadkin County Schools,NC,Forbush High,3.71E+11,2017,Total enrollment,2,2,0,171,27,627,18,847,92,11,28
NC,Winston Salem / Forsyth County Schools,NC,East Forsyth High,3.70E+11,2017,Total enrollment,2,17,1,341,371,989,61,1782,215,43,103
NC,Wilkes County Schools,NC,Mulberry Elementary,3.70E+11,2017,Total enrollment,0,2,0,90,7,360,18,477,55,3,46
NC,Yancey County Schools,NC,Cane River Middle,3.71E+11,2017,Total enrollment,3,0,0,20,1,210,3,237,39,8,7
NC,Winston Salem / Forsyth County Schools,NC,East Forsyth Middle School,3.70E+11,2017,Total enrollment,2,2,1,239,273,189,28,734,135,20,70
NC,Yadkin County Schools,NC,Yadkinville Elementary,3.71E+11,2017,Total enrollment,3,1,0,244,33,293,18,592,69,1,91
NC,Wilson County Schools,NC,Elm City Elementary,3.71E+11,2017,Total enrollment,4,6,2,65,162,168,21,428,25,10,23
NC,Winston Salem / Forsyth County Schools,NC,Lewisville Elementary,3.70E+11,2017,Total enrollment,1,99,0,144,12,565,13,834,125,49,61
NC,Winston Salem / Forsyth County Schools,NC,Moore Magnet Elementary,3.70E+11,2017,Total enrollment,0,26,1,58,315,127,22,549,69,4,29
NC,Wilson County Schools,NC,Vick Elementary,3.71E+11,2017,Total enrollment,0,2,0,74,233,17,4,330,32,1,44
NC,Wilson County Schools,NC,Fike High,3.71E+11,2017,Total enrollment,4,22,0,159,559,437,37,1218,137,43,34
NC,Winston Salem / Forsyth County Schools,NC,Petree Elementary,3.70E+11,2017,Total enrollment,0,4,2,132,323,14,17,492,66,4,91
NC,Winston Salem / Forsyth County Schools,NC,Gibson Elementary,3.70E+11,2017,Total enrollment,0,4,0,281,315,44,28,672,70,5,168
NC,Yancey County Schools,NC,South Toe Elementary,3.71E+11,2017,Total enrollment,0,0,0,19,0,97,0,116,16,3,5
NC,Winston Salem / Forsyth County Schools,NC,Piney Grove Elementary,3.70E+11,2017,Total enrollment,1,3,1,62,32,495,24,618,94,11,20
NC,Wilson County Schools,NC,Margaret Hearne Elementary,3.71E+11,2017,Total enrollment,0,3,0,117,279,11,12,422,25,7,48
NC,Wilkes County Schools,NC,Wilkes Central High,3.70E+11,2017,Total enrollment,1,8,0,179,96,554,57,895,101,17,28
NC,Winston Salem / Forsyth County Schools,NC,Philo-Hill Magnet Academy,3.70E+11,2017,Total enrollment,0,1,1,278,161,28,19,488,71,3,102
NC,Yancey County Schools,NC,Clearmont Elementary,3.71E+11,2017,Total enrollment,0,0,0,3,0,112,0,115,23,0,3
NC,Winston Salem / Forsyth County Schools,NC,Middle College of Forsyth Cnty,3.70E+11,2017,Total enrollment,0,1,0,13,27,50,6,97,1,3,0
NC,Wilson County Schools,NC,Elm City Middle,3.71E+11,2017,Total enrollment,0,0,0,13,122,5,0,140,24,0,11
NC,Wilkes County Schools,NC,Ronda-Clingman Elementary,3.70E+11,2017,Total enrollment,0,0,0,31,3,257,15,306,27,5,14
NC,Wilson County Schools,NC,Gardners Elementary,3.71E+11,2017,Total enrollment,0,0,0,103,57,87,7,254,9,10,34
NC,Yadkin County Schools,NC,Jonesville Elementary,3.71E+11,2017,Total enrollment,0,2,2,65,30,216,26,341,50,1,17
NC,Wilson County Schools,NC,Forest Hills Middle,3.71E+11,2017,Total enrollment,1,16,2,72,273,97,18,479,51,21,19
NC,Wilson County Schools,NC,Vinson-Bynum Elementary,3.71E+11,2017,Total enrollment,3,16,4,48,209,72,15,367,37,5,24
NC,Winston Salem / Forsyth County Schools,NC,Mount Tabor High School,3.70E+11,2017,Total enrollment,6,25,2,270,617,564,83,1567,171,41,69
NC,Winston Salem / Forsyth County Schools,NC,South Fork Elementary,3.70E+11,2017,Total enrollment,2,71,2,140,252,85,17,569,136,4,134
NC,Winston Salem / Forsyth County Schools,NC,Diggs-Latham Elementary,3.70E+11,2017,Total enrollment,0,14,2,267,185,44,20,532,57,2,168
NC,Wilson County Schools,NC,Toisnot Middle,3.71E+11,2017,Total enrollment,1,4,0,85,217,82,20,409,35,7,11
NC,Yadkin County Schools,NC,Yadkin Success Academy,3.71E+11,2017,Total enrollment,0,0,0,5,6,36,4,51,23,2,1
NC,Winston Salem / Forsyth County Schools,NC,R J Reynolds High,3.70E+11,2017,Total enrollment,0,11,1,21,182,83,27,325,53,10,2
NC,Wilson County Schools,NC,Rock Ridge Elementary,3.71E+11,2017,Total enrollment,0,1,0,149,50,286,16,502,24,17,68
NC,Winston Salem / Forsyth County Schools,NC,Meadowlark Elementary,3.70E+11,2017,Total enrollment,1,72,0,51,106,565,45,840,110,8,31
NC,Wilson County Schools,NC,Wilson Academy of Applied Technology,3.71E+11,2017,Total enrollment,0,1,0,23,40,22,5,91,1,0,3
NC,Winston Salem / Forsyth County Schools,NC,Kingswood School,3.70E+11,2017,Total enrollment,0,0,0,8,54,25,6,93,41,4,3
NC,Winston Salem / Forsyth County Schools,NC,Main Street Academy,3.70E+11,2017,Total enrollment,0,0,0,12,32,4,2,50,13,1,3
NC,Yancey County Schools,NC,East Yancey Middle,3.71E+11,2017,Total enrollment,0,0,0,52,3,223,3,281,43,6,13
NC,Wilkes County Schools,NC,Millers Creek Elementary,3.70E+11,2017,Total enrollment,4,2,0,123,9,664,26,828,102,8,65
NC,Whiteville City Schools,NC,Central Middle,3.70E+11,2017,Total enrollment,4,1,0,44,184,207,35,475,48,11,6
NC,Yadkin County Schools,NC,Forbush Middle,3.71E+11,2017,Total enrollment,1,2,1,93,9,355,11,472,47,5,15
NC,Winston Salem / Forsyth County Schools,NC,Brunson Elementary,3.70E+11,2017,Total enrollment,0,34,0,141,170,194,34,573,46,1,123
NC,Wilson County Schools,NC,Charles H Darden Middle,3.71E+11,2017,Total enrollment,0,1,0,62,219,9,10,301,28,3,6
NC,Winston Salem / Forsyth County Schools,NC,Kimberley Park Elementary,3.70E+11,2017,Total enrollment,1,3,0,57,216,2,8,287,35,2,34
NC,Wilson County Schools,NC,New Hope Elementary,3.71E+11,2017,Total enrollment,0,6,2,7,3,450,18,486,42,7,2
NC,Yancey County Schools,NC,Micaville Elementary,3.71E+11,2017,Total enrollment,0,0,1,22,0,165,2,190,25,6,18
NC,Wilkes County Schools,NC,Wilkesboro Elementary,3.70E+11,2017,Total enrollment,1,15,0,69,32,286,50,453,60,3,39
NC,Winston Salem / Forsyth County Schools,NC,Kernersville Elementary,3.70E+11,2017,Total enrollment,1,11,2,379,179,212,36,820,137,3,229
NC,Wilkes County Schools,NC,Wilkes Early College High,3.70E+11,2017,Total enrollment,0,1,0,63,7,153,8,232,3,4,0
NC,Winston Salem / Forsyth County Schools,NC,Easton Elementary School,3.70E+11,2017,Total enrollment,1,0,0,396,162,28,17,604,49,5,269
NC,Wilson County Schools,NC,James Hunt High,3.71E+11,2017,Total enrollment,2,21,4,255,521,443,38,1284,132,42,47
NC,Wilkes County Schools,NC,North Wilkes Middle,3.70E+11,2017,Total enrollment,0,0,0,69,7,436,13,525,62,12,11
NC,Winston Salem / Forsyth County Schools,NC,Robert B Glenn High School,3.70E+11,2017,Total enrollment,6,3,0,180,71,424,38,722,94,8,39
NC,Winston Salem / Forsyth County Schools,NC,Flat Rock Middle,3.70E+11,2017,Total enrollment,0,16,1,367,315,116,37,852,97,14,111
NC,Wilkes County Schools,NC,Moravian Falls Elementary,3.70E+11,2017,Total enrollment,2,0,0,87,14,113,20,236,30,2,47
NC,Wilkes County Schools,NC,Traphill Elementary,3.70E+11,2017,Total enrollment,0,0,0,10,0,105,1,116,18,0,1
NC,Yadkin County Schools,NC,Starmount High,3.71E+11,2017,Total enrollment,1,0,3,127,22,416,9,578,90,21,26
NC,Winston Salem / Forsyth County Schools,NC,Forest Park Elementary,3.70E+11,2017,Total enrollment,1,0,1,474,162,20,16,674,35,0,345
NC,Winston Salem / Forsyth County Schools,NC,Ronald W Reagan High School,3.70E+11,2017,Total enrollment,6,76,2,191,287,1380,71,2013,179,68,33
NC,Winston Salem / Forsyth County Schools,NC,Bolton Elementary,3.70E+11,2017,Total enrollment,0,6,0,175,222,48,16,467,98,5,105
NC,Winston Salem / Forsyth County Schools,NC,Old Town Elementary,3.70E+11,2017,Total enrollment,0,5,5,409,181,25,25,650,86,6,238
NC,Winston Salem / Forsyth County Schools,NC,Old Richmond Elementary,3.70E+11,2017,Total enrollment,0,11,0,77,81,292,16,477,70,9,42
NC,Wilson County Schools,NC,John W Jones Elementary,3.71E+11,2017,Total enrollment,2,11,0,69,345,138,28,593,82,17,49
NC,Wilkes County Schools,NC,North Wilkes High,3.70E+11,2017,Total enrollment,0,2,0,74,7,597,20,700,93,18,16
NC,Winston Salem / Forsyth County Schools,NC,Jefferson Elementary,3.70E+11,2017,Total enrollment,2,68,1,50,167,247,25,560,95,9,39
NC,Wilkes County Schools,NC,West Wilkes Middle,3.70E+11,2017,Total enrollment,1,1,0,59,4,461,14,540,81,17,16
NC,Winston Salem / Forsyth County Schools,NC,North Forsyth High,3.70E+11,2017,Total enrollment,2,9,6,441,392,172,37,1059,96,25,132
NC,Winston Salem / Forsyth County Schools,NC,Vienna Elementary,3.70E+11,2017,Total enrollment,1,53,0,71,45,578,37,785,102,19,44
NC,Winston Salem / Forsyth County Schools,NC,North Hills Elementary,3.70E+11,2017,Total enrollment,1,0,5,212,294,8,5,525,48,1,133
NC,Winston Salem / Forsyth County Schools,NC,Northwest Middle,3.70E+11,2017,Total enrollment,1,8,5,377,334,180,38,943,119,17,85
NC,Winston Salem / Forsyth County Schools,NC,Sedge Garden Elementary,3.70E+11,2017,Total enrollment,0,9,1,154,161,279,41,645,135,7,83
NC,Winston Salem / Forsyth County Schools,NC,West Forsyth High,3.70E+11,2017,Total enrollment,84,0,0,37,147,133,22,423,43,7,10
NC,Winston Salem / Forsyth County Schools,NC,Ibraham Elementary,3.70E+11,2017,Total enrollment,0,1,0,157,286,87,23,554,68,1,91
NC,Winston Salem / Forsyth County Schools,NC,Paisley IB Magnet School,3.70E+11,2017,Total enrollment,0,2,0,2,0,24,2,30,17,0,0
NC,Wilkes County Schools,NC,Roaring River Elementary,3.70E+11,2017,Total enrollment,4,15,2,598,93,77,13,802,111,9,133
NC,Winston Salem / Forsyth County Schools,NC,Meadowlark Middle,3.70E+11,2017,Total enrollment,1,6,0,48,84,411,78,628,105,0,14
NC,Yadkin County Schools,NC,Starmount Middle,3.71E+11,2017,Total enrollment,1,41,1,27,16,359,36,481,34,3,22
NC,Wilson County Schools,NC,Lee Woodard Elementary,3.71E+11,2017,Total enrollment,7,8,3,119,3,297,28,465,47,5,6
NC,Winston Salem / Forsyth County Schools,NC,Homebound/ Hospital Education,3.70E+11,2017,Total enrollment,1,12,2,4,5,348,6,378,43,25,1
NC,Wilkes County Schools,NC,East Wilkes Middle,3.70E+11,2017,Total enrollment,5,1,0,47,89,465,38,645,140,37,2
NC,Wilson County Schools,NC,B O Barnes Elementary,3.71E+11,2017,Total enrollment,2,71,0,27,85,493,42,720,91,25,31
NC,Winston Salem / Forsyth County Schools,NC,Kimmel Farm Elementary,3.70E+11,2017,Total enrollment,1,2,0,20,0,358,3,384,59,6,1
NC,Winston Salem / Forsyth County Schools,NC,Ward Elementary,3.70E+11,2017,Total enrollment,4,22,5,146,16,372,25,590,75,1,55
NC,Winston Salem / Forsyth County Schools,NC,Frank Morgan Elementary,3.70E+11,2017,Total enrollment,0,1,0,8,1,171,8,189,32,4,0
NC,Winston Salem / Forsyth County Schools,NC,Winston-Salem Preparatory Acad,3.70E+11,2017,Total enrollment,2,0,0,181,69,280,20,552,69,3,81
NC,Winston Salem / Forsyth County Schools,NC,Whitaker Elementary,3.70E+11,2017,Total enrollment,3,9,0,146,38,352,19,567,91,8,58
NC,Winston Salem / Forsyth County Schools,NC,Griffith Elementary,3.70E+11,2017,Total enrollment,0,5,0,601,6,25,0,637,55,18,152
NC,Whiteville City Schools,NC,North Whiteville Academy,3.70E+11,2017,Total enrollment,4,32,11,384,209,51,46,737,117,4,146
NC,Wilson County Schools,NC,Winstead Elementary,3.71E+11,2017,Total enrollment,0,592,103,54,8,71,160,988,85,33,374
NC,Wilson County Schools,NC,Wells Elementary,3.71E+11,2017,Total enrollment,7,13,4,198,15,201,0,438,47,9,82
NC,Whiteville City Schools,NC,Whiteville Primary,3.70E+11,2017,Total enrollment,6,23,2,61,2,568,29,691,62,2,5
NC,Wilkes County Schools,NC,East Wilkes High,3.70E+11,2017,Total enrollment,0,0,0,0,1,9,0,10,3,0,0
NC,Winston Salem / Forsyth County Schools,NC,Cash Elementary,3.70E+11,2017,Total enrollment,0,13,1,89,55,144,14,316,38,1,77
NC,Winston Salem / Forsyth County Schools,NC,Atkins Academic & Tech High,3.70E+11,2017,Total enrollment,3,9,0,196,5,98,18,329,121,0,11
NC,Winston Salem / Forsyth County Schools,NC,Rural Hall Elementary,3.70E+11,2017,Total enrollment,2,4,6,62,29,264,48,415,33,0,32
NC,Wilkes County Schools,NC,Central Wilkes Middle,3.70E+11,2017,Total enrollment,0,0,0,476,5,11,2,494,44,14,153
NC,Winston Salem / Forsyth County Schools,NC,Walkertown Elementary,3.70E+11,2017,Total enrollment,3,143,0,46,89,129,38,448,35,0,172
NC,Winston Salem / Forsyth County Schools,NC,Parkland High,3.70E+11,2017,Total enrollment,2,3,0,148,124,227,30,534,106,1,46
NC,Yadkin County Schools,NC,Forbush Elementary,3.71E+11,2017,Total enrollment,4,11,1,71,1,322,15,425,54,19,7
NC,Winston Salem / Forsyth County Schools,NC,Clemmons Middle School,3.70E+11,2017,Total enrollment,0,34,1,65,9,381,10,500,86,5,12
NC,Winston Salem / Forsyth County Schools,NC,Caleb's Creek Elementary,3.70E+11,2017,Total enrollment,0,2,0,213,5,449,9,678,81,6,164
NC,Wilson County Schools,NC,Lucama Elementary,3.71E+11,2017,Total enrollment,0,0,0,821,0,0,0,821,79,41,526
NC,Winston Salem / Forsyth County Schools,NC,Clemmons Elementary,3.70E+11,2017,Total enrollment,3,30,0,89,66,561,36,785,82,12,19
NC,Winston Salem / Forsyth County Schools,NC,Kernersville Middle,3.70E+11,2017,Total enrollment,0,8,0,158,82,381,28,657,84,21,47
NC,Yancey County Schools,NC,Bee Log Elementary,3.71E+11,2017,Total enrollment,0,0,0,0,0,47,0,47,6,0,0
NC,Wilson County Schools,NC,Speight Middle,3.71E+11,2017,Total enrollment,0,1,0,98,108,129,10,346,30,10,5
NC,Winston Salem / Forsyth County Schools,NC,Konnoak Elementary,3.70E+11,2017,Total enrollment,2,5,1,330,223,65,18,644,58,5,202
NC,Winston Salem / Forsyth County Schools,NC,The Downtown School,3.70E+11,2017,Total enrollment,1,11,4,24,146,235,29,450,67,7,5
NC,Whiteville City Schools,NC,Whiteville High,3.70E+11,2017,Total enrollment,11,2,0,51,267,340,35,706,81,9,10
NC,Yancey County Schools,NC,Bald Creek Elementary,3.71E+11,2017,Total enrollment,3,0,0,23,0,149,3,178,14,1,6
NC,Wilkes County Schools,NC,West Wilkes High,3.70E+11,2017,Total enrollment,0,1,0,68,4,652,7,732,82,13,15
NC,Wilkes County Schools,NC,C B Eller Elementary,3.70E+11,2017,Total enrollment,2,0,1,25,1,253,7,289,31,2,11
NC,Winston Salem / Forsyth County Schools,NC,Sherwood Forest Elementary,3.70E+11,2017,Total enrollment,0,23,0,48,78,492,31,672,103,17,10
NC,Yadkin County Schools,NC,East Bend Elementary,3.71E+11,2017,Total enrollment,4,2,0,59,2,208,10,285,46,1,20
NC,Winston Salem / Forsyth County Schools,NC,Thomas Jefferson Middle,3.70E+11,2017,Total enrollment,2,54,2,221,238,699,55,1271,129,55,35
NC,Winston Salem / Forsyth County Schools,NC,Southeast Middle,3.70E+11,2017,Total enrollment,1,21,2,361,248,459,53,1145,125,29,73
NC,Yadkin County Schools,NC,Fall Creek Elementary,3.71E+11,2017,Total enrollment,0,1,0,37,3,231,2,274,51,1,9
NC,Wilson County Schools,NC,Wilson Early College Academy,3.71E+11,2017,Total enrollment,0,3,0,53,116,125,9,306,<=2,3,1
NC,Winston Salem / Forsyth County Schools,NC,Hanes Magnet School,3.70E+11,2017,Total enrollment,2,58,1,132,184,331,24,732,47,21,30
NC,Whiteville City Schools,NC,Edgewood Elementary,3.70E+11,2017,Total enrollment,0,3,0,27,26,260,24,340,43,1,0
NC,Wilson County Schools,NC,Beddingfield High,3.71E+11,2017,Total enrollment,2,5,1,178,426,164,23,799,68,16,25
NC,Yadkin County Schools,NC,West Yadkin Elementary,3.71E+11,2017,Total enrollment,1,1,0,214,1,325,10,552,78,2,90
NC,Wilson County Schools,NC,Springfield Middle,3.71E+11,2017,Total enrollment,2,0,0,125,65,266,22,480,33,37,5
NC,Yancey County Schools,NC,Burnsville Elementary,3.71E+11,2017,Total enrollment,1,0,0,97,3,252,15,368,79,0,69
NC,Winston Salem / Forsyth County Schools,NC,The Special Children's School,3.70E+11,2017,Total enrollment,0,5,0,13,24,30,5,77,64,0,1
NC,Winston Salem / Forsyth County Schools,NC,Lowrance Middle,3.70E+11,2017,Total enrollment,0,0,0,31,48,47,2,128,124,0,15
NC,Winston Salem / Forsyth County Schools,NC,Carver High,3.70E+11,2017,Total enrollment,0,4,0,195,403,26,19,647,97,9,90
NC,Winston Salem / Forsyth County Schools,NC,J F Kennedy High,3.70E+11,2017,Total enrollment,0,1,0,80,413,194,44,732,106,59,7
NC,Winston Salem / Forsyth County Schools,NC,Middle Fork Elementary,3.70E+11,2017,Total enrollment,0,0,0,88,0,28,0,116,11,15,2
NC,Winston Salem / Forsyth County Schools,NC,Early College of Forsyth Co,3.70E+11,2017,Total enrollment,0,0,0,0,1,215,0,216,66,3,0
NC,Winston Salem / Forsyth County Schools,NC,Smith Farm Elementary,3.70E+11,2017,Total enrollment,0,169,3,65,8,75,27,347,34,5,50
NC,Winston Salem / Forsyth County Schools,NC,Union Cross Traditional Acad,3.70E+11,2017,Total enrollment,1,24,1,94,84,861,36,1101,102,0,10
NC,Wilson County Schools,NC,Stantonsburg Elementary,3.71E+11,2017,Total enrollment,0,0,0,1,3,224,12,240,45,0,0
NC,Yadkin County Schools,NC,Boonville Elementary,3.71E+11,2017,Total enrollment,4,9,0,106,15,28,3,165,27,3,37
NC,Wilkes County Schools,NC,Mount Pleasant Elementary,3.70E+11,2017,Total enrollment,3,0,0,1,1,207,7,219,31,2,1
NC,Winston Salem / Forsyth County Schools,NC,Mineral Springs Middle,3.70E+11,2017,Total enrollment,0,1,1,530,5,64,2,603,55,61,45
NC,Winston Salem / Forsyth County Schools,NC,Speas Elementary,3.70E+11,2017,Total enrollment,0,0,0,10,0,22,3,35,1,0,5
NC,Winston Salem / Forsyth County Schools,NC,Childrens Center,3.70E+11,2017,Total enrollment,0,2,0,12,7,284,7,312,42,19,2
NC,Wilkes County Schools,NC,C C Wright Elementary,3.70E+11,2017,Total enrollment,1,0,0,20,3,95,0,119,22,2,6
NC,Winston Salem / Forsyth County Schools,NC,Mineral Springs Elementary,3.70E+11,2017,Total enrollment,0,125,1,197,80,253,41,697,61,2,133
NC,Wilson County Schools,NC,Milton M Daniels Learning Cntr,3.71E+11,2017,Total enrollment,0,2,0,0,108,4,7,121,25,8,0
NC,Yancey County Schools,NC,Mountain Heritage High,3.71E+11,2017,Total enrollment,3,11,0,263,13,86,3,379,78,0,164
NC,Winston Salem / Forsyth County Schools,NC,Southwest Elementary,3.70E+11,2017,Total enrollment,1,0,0,17,3,320,23,364,41,0,0
NC,Yadkin County Schools,NC,Yadkin Early College,3.71E+11,2017,Total enrollment,0,21,0,293,8,74,4,400,37,28,109
NC,Winston Salem / Forsyth County Schools,NC,Ashley Academy,3.70E+11,2017,Total enrollment,1,0,0,107,29,153,8,298,28,23,35
NC,Winston Salem / Forsyth County Schools,NC,Carter High School,3.70E+11,2017,Total enrollment,0,6,0,4,9,385,22,426,70,4,2
NC,Yadkin County Schools,NC,Courtney Elementary,3.71E+11,2017,Total enrollment,0,31,0,291,108,242,8,680,114,22,69
NC,Winston Salem / Forsyth County Schools,NC,Hall-Woodward Elementary,3.70E+11,2017,Total enrollment,2,3,0,357,14,123,5,504,297,3,90
NC,Winston Salem / Forsyth County Schools,NC,Wiley Magnet Middle,3.70E+11,2017,Total enrollment,0,115,2,240,45,672,38,1112,72,17,90
NC,Winston Salem / Forsyth County Schools,NC,Walkertown High,3.70E+11,2017,Total enrollment,3,2,0,118,158,464,25,770,107,20,29
NC,Winston Salem / Forsyth County Schools,NC,Cook Literacy Model School,3.70E+11,2017,Total enrollment,0,3,0,22,209,3,2,239,23,1,11
NC,Wilkes County Schools,NC,Boomer-Ferguson Elementary,3.70E+11,2017,Total enrollment,0,0,0,15,9,109,23,156,11,4,3